unpacked//229496b55d0668a40fe3d969ba4e942dc2c2fd7452b3d6f79c6beb0db631dc12,XMRig_Redtail_Static_UPX_or_Unpacked_v2
unpacked//229496b55d0668a40fe3d969ba4e942dc2c2fd7452b3d6f79c6beb0db631dc12,XMRig_Redtail_Static_UPX_or_Unpacked
unpacked//d6e0_unpacked_work,XMRig_Redtail_Static_UPX_or_Unpacked_v2
unpacked//d6e0_unpacked_work,XMRig_Redtail_Static_UPX_or_Unpacked
unpacked//d6e0eb28cfe1b224f061eff0581091dac985516c78d222f4921587d2ec612010,XMRig_Redtail_Static_UPX_or_Unpacked_v2
unpacked//d6e0eb28cfe1b224f061eff0581091dac985516c78d222f4921587d2ec612010,XMRig_Redtail_Static_UPX_or_Unpacked
unpacked//89782d8142297907c9962eebdae29c28df86805a99f38a683ab55c8fa1596dd8,XMRig_Redtail_Static_UPX_or_Unpacked_v2
unpacked//89782d8142297907c9962eebdae29c28df86805a99f38a683ab55c8fa1596dd8,XMRig_Redtail_Static_UPX_or_Unpacked
unpacked//ee7a31fb0d3c29ca435f08fd147a434c6db921b69d32c8894539a8199b0b15c0,XMRig_Redtail_Static_UPX_or_Unpacked_v2
unpacked//ee7a31fb0d3c29ca435f08fd147a434c6db921b69d32c8894539a8199b0b15c0,XMRig_Redtail_Static_UPX_or_Unpacked
