samples//229496b55d0668a40fe3d969ba4e942dc2c2fd7452b3d6f79c6beb0db631dc12,XMRig_Redtail_Static_UPX_or_Unpacked_v2
samples//229496b55d0668a40fe3d969ba4e942dc2c2fd7452b3d6f79c6beb0db631dc12,XMRig_Redtail_Static_UPX_or_Unpacked
samples//d46555af1173d22f07c37ef9c1e0e74fd68db022f2b6fb3ab5388d2c5bc6a98e,Redtail_CronCleaner_Script
samples//783adb7ad6b16fe9818f3e6d48b937c3ca1994ef24e50865282eeedeab7e0d59,Redtail_Stager_Script
samples//89782d8142297907c9962eebdae29c28df86805a99f38a683ab55c8fa1596dd8,XMRig_Redtail_Static_UPX_or_Unpacked_v2
samples//89782d8142297907c9962eebdae29c28df86805a99f38a683ab55c8fa1596dd8,XMRig_Redtail_Static_UPX_or_Unpacked
samples//d6e0eb28cfe1b224f061eff0581091dac985516c78d222f4921587d2ec612010,XMRig_Redtail_Static_UPX_or_Unpacked_v2
samples//d6e0eb28cfe1b224f061eff0581091dac985516c78d222f4921587d2ec612010,XMRig_Redtail_Static_UPX_or_Unpacked
samples//ee7a31fb0d3c29ca435f08fd147a434c6db921b69d32c8894539a8199b0b15c0,XMRig_Redtail_Static_UPX_or_Unpacked_v2
samples//ee7a31fb0d3c29ca435f08fd147a434c6db921b69d32c8894539a8199b0b15c0,XMRig_Redtail_Static_UPX_or_Unpacked
samples//d6e0_unpacked_work,XMRig_Redtail_Static_UPX_or_Unpacked_v2
samples//d6e0_unpacked_work,XMRig_Redtail_Static_UPX_or_Unpacked
